cutoff,mean_mae,median_mae,std_mae,n_series
2015,16.562076664869572,11.259736107900395,21.01899608550054,90
2016,16.364099484069193,10.640619579356628,16.75892637976116,90
2017,21.619203401803283,14.011152663034535,23.920351164115978,90
2018,30.604851366771648,14.310083610083286,39.401954058667705,90
